{
  "overall": {
    "top1_accuracy": 0.762,
    "top2_accuracy": 0.889,
    "num_samples": 1400,
    "num_experts": 7
  },
  "load_balance": {
    "expert_load_fractions": {
      "algebraic_geometry": 0.138,
      "discrete_math": 0.16,
      "number_theory": 0.141,
      "analysis": 0.149,
      "algebra": 0.145,
      "geometry_topology": 0.141,
      "probability_statistics": 0.126
    },
    "balance_ratio_max_min": 1.27,
    "target_fraction": 0.143
  },
  "per_domain": {
    "algebraic_geometry": {
      "top1_accuracy": 0.765,
      "top2_accuracy": 0.9,
      "num_samples": 200
    },
    "discrete_math": {
      "top1_accuracy": 0.82,
      "top2_accuracy": 0.9,
      "num_samples": 200
    },
    "number_theory": {
      "top1_accuracy": 0.83,
      "top2_accuracy": 0.91,
      "num_samples": 200
    },
    "analysis": {
      "top1_accuracy": 0.775,
      "top2_accuracy": 0.9,
      "num_samples": 200
    },
    "algebra": {
      "top1_accuracy": 0.725,
      "top2_accuracy": 0.9,
      "num_samples": 200
    },
    "geometry_topology": {
      "top1_accuracy": 0.665,
      "top2_accuracy": 0.8,
      "num_samples": 200
    },
    "probability_statistics": {
      "top1_accuracy": 0.755,
      "top2_accuracy": 0.915,
      "num_samples": 200
    }
  },
  "router_bias": [
    0.01948358491063118,
    0.043655138462781906,
    0.04499979317188263,
    -0.026106568053364754,
    -0.021198956295847893,
    0.008740255609154701,
    0.029424998909235
  ],
  "expert_load_ema": [
    0.14059701561927795,
    0.12334517389535904,
    0.12078472971916199,
    0.1731460690498352,
    0.17126603424549103,
    0.14636875689029694,
    0.12449327856302261
  ],
  "timestamp": "2026-03-12 16:36:35"
}